<?xml version="1.0" encoding="UTF-8" ?>
<!DOCTYPE mapper PUBLIC "-//mybatis.org//DTD Mapper 3.0//EN" "http://mybatis.org/dtd/mybatis-3-mapper.dtd">
<mapper namespace="io.opensharding.example.common.mybatis.repository.MybatisCountryRepository">
    <resultMap id="baseResultMap" type="io.opensharding.example.common.entity.Country">
        <result column="id" property="id" jdbcType="INTEGER"/>
        <result column="code" property="code" jdbcType="VARCHAR"/>
        <result column="name" property="name" jdbcType="VARCHAR"/>
        <result column="language" property="language" jdbcType="VARCHAR"/>
    </resultMap>

    <update id="createTableIfNotExists">
        CREATE TABLE IF NOT EXISTS t_country (code VARCHAR(50), name VARCHAR(50), language VARCHAR(50), PRIMARY KEY (code));
    </update>

    <update id="truncateTable">
        TRUNCATE TABLE t_country;
    </update>

    <update id="dropTable">
        DROP TABLE IF EXISTS t_country;
    </update>

    <insert id="insert">
        INSERT INTO t_country (code, name, language) VALUES (#{code,jdbcType=VARCHAR}, #{name,jdbcType=VARCHAR}, #{language,jdbcType=VARCHAR})
    </insert>

    <delete id="delete">
        DELETE FROM t_country WHERE code = #{code,jdbcType=VARCHAR};
    </delete>

    <select id="selectAll" resultMap="baseResultMap">
        SELECT * FROM t_country;
    </select>
</mapper>
